Source,Target
Social Media Examiner,dottotech
Social Media Examiner,Gary Vaynerchuk
Social Media Examiner,Kimberly Ann Jimenez
Social Media Examiner,Amy Schmittauer
Social Media Examiner,The Young Entrepreneur
Social Media Examiner,Derral Eves
Social Media Examiner,Sunny Lenarduzzi
Social Media Examiner,Video Creators
Social Media Examiner,Owen Video
Canadian Woodworks,The Wood Whisperer
Canadian Woodworks,Matthew Cremona
Canadian Woodworks,Matthias Wandel
Canadian Woodworks,ISHITANI FURNITURE
Canadian Woodworks,The Samurai Carpenter
Canadian Woodworks,FineWoodworking
ClashGames,puuki
ClashGames,Mitch
ClashGames,Marius Gamer
ClashGames,LennyGames
ClashGames,Trymacs
JT Gaming,Achievement Hunter
JT Gaming,LordMinion777
JT Gaming,Kinda Funny
JT Gaming,thecreaturehub
awkwafina,1theK (????)
awkwafina,88rising
awkwafina,Court Dunn
awkwafina,CJENMMUSIC Official
awkwafina,go90 XO
awkwafina,DUMBFOUNDEAD
BBC Persian,BBC Brasil
BBC Persian,BBC Learning English
BBC Persian,BBC T¸rkÁe
BBC Persian,BBC Mundo
BBC Persian,BBC Arabic ?? ?? ?? ????
BBC Persian,BBC News
BBC Persian,BBC Urdu
BBC Persian,BBCWorldwide
alejozaaap,YouGambit
alejozaaap,The Top Comics
alejozaaap,Comics Tj
alejozaaap,Carlitox Banana
alejozaaap,DC Comics Universe
alejozaaap,Info Marvel
KayaxTV,smoliktv
KayaxTV,mysticprodtv
KayaxTV,Kortez Oficjalny Kana?
KayaxTV,MelaKoteluk
KayaxTV,S.P. RECORDS
KayaxTV,DawidPodsiadloVEVO
KayaxTV,locostarmovies
KayaxTV,kayah
KayaxTV,TheZakopower
KayaxTV,AsfaltRecords
Liliana Cavaliere The Best Music,Vidart
Liliana Cavaliere The Best Music,Ed Sheeran
Liliana Cavaliere The Best Music,Stylez Major Music
Liliana Cavaliere The Best Music,Ste S
Liliana Cavaliere The Best Music,piolettone it
Liliana Cavaliere The Best Music,Warner Music Italy
GreatScott!,The Ben Heck Show
GreatScott!,Adafruit Industries
GreatScott!,The Post Apocalyptic Inventor
GreatScott!,Kevin Darrah
GreatScott!,GreatScott!2
GreatScott!,Julian Ilett
GreatScott!,ElectroBOOM
GreatScott!,Afrotechmods
GreatScott!,EEVblog
GreatScott!,Make:
GreatScott!,Linus Tech Tips
JugadorCanario92,alexelcapo
JugadorCanario92,SrChincheto77
JugadorCanario92,Assassin's Creed ES
JugadorCanario92,Assassin's Creed Gremio de las Sombras
JugadorCanario92,? Dashiel ?
JugadorCanario92,VEGETTA777
JugadorCanario92,SoloPotimax
JugadorCanario92,elrubiusOMG
JugadorCanario92,RuymanJ Style
Huda Beauty,Kaushal Beauty
Huda Beauty,Carli Bybel
Huda Beauty,Tati
Huda Beauty,Chloe Morello
Huda Beauty,jeffreestar
Huda Beauty,NikkieTutorials
mitchsantona,emgo316
mitchsantona,[?????] ToyFactory(???TV)
mitchsantona,DrewsiferXXX
mitchsantona,baltmatrix
mitchsantona,sportswolf3
mitchsantona,Lots of Toys
mitchsantona,Sooo Mungry
mitchsantona,optibotimus
mitchsantona,FastFoodToyReviews
mitchsantona,Show and Tell Toys
mitchsantona,ToyReviewsDisney
mitchsantona,YourTimeTraining
mitchsantona,DRIVE THRU TOYS
mitchsantona,BLINDBAGDAILY
mitchsantona,MITCHSANTONAREVIEWS
mitchsantona,MightMouse74/RocketMan
Madame Macabre,myuuji
Madame Macabre,MrCreepyPasta
Madame Macabre,Umbrella-Boat Studio
Madame Macabre,Madame Macabre Misc.
Madame Macabre,stoopidcrow
Madame Macabre,Markiplier
Madame Macabre,jacksepticeye
Madame Macabre,CreepsMcPasta
Madame Macabre,WellHeyProductions
Richard Waldrup,CURTIS EAKER
Richard Waldrup,louis noverati
Richard Waldrup,Kevin Smith
Richard Waldrup,Brian Felts
Richard Waldrup,dougjennings
Richard Waldrup,Mike P
SecondCitySaint,WWE
SecondCitySaint,MrWWEUPLOADER14
SecondCitySaint,HashTagHeelGFX
SecondCitySaint,MrWweUploader771
SecondCitySaint,WWEMusic
SecondCitySaint,TheElectrifyingOneHD
Web Boxing,editinking
Web Boxing,Boxing Legends TV
Web Boxing,Real Boxing
Web Boxing,1st Round KO
Web Boxing,Boxing Ph
Web Boxing,trboxing
Web Boxing,Boxing Extra
Almost Daily,Bree moves to Germany
Almost Daily,MeetTheWengers
Almost Daily,Conner Sullivan
Almost Daily,I'm Emily
Almost Daily,Because I Said So
Almost Daily,Hayley Alexis
Almost Daily,Next Chapter
everyday culture,Healthy Life
everyday culture,Article-TUBE2
everyday culture,Direct Trend
everyday culture,Susana Home Remedies
everyday culture,PowerHealthYT
everyday culture,Natural Cures
Pitt LiveWire,USCAthletics
Pitt LiveWire,Boston College Athletics
Pitt LiveWire,NFL
Pitt LiveWire,Panther-Lair.com
Pitt LiveWire,ACC Digital Network
Pitt LiveWire,GoPSUtv
Variety Music,NighTcore FC
Variety Music,Infinity Music
Variety Music,NighTcore FC Plus
Variety Music,ANIME MUSIC
Variety Music,Diversity
Variety Music,Yoko Music
Variety Music,HDdubRAVE
Variety Music,xKito Music
Variety Music,Inverse Network
Variety Music,EDM Extending
Variety Music,Kyra
Guava Juice,Guava Juice Jr
Guava Juice,DanTDM
Guava Juice,Vat19
Guava Juice,Wassabi Productions
Guava Juice,Marlin
Guava Juice,PopularMMOs
TheVintageVision,Global Fashion Gal - Brianna Degaston
TheVintageVision,Lily Melrose
TheVintageVision,Samantha Maria
TheVintageVision,Helen Anderson
TheVintageVision,Lily Pebbles
TheVintageVision,The Fashion Citizen
Rock Entertainment TV,Blend Guitar
Rock Entertainment TV,HardMusicTV
Rock Entertainment TV,Loudwire
Rock Entertainment TV,Normans Rare Guitars
Rock Entertainment TV,ThuleanPerspective
Rock Entertainment TV,Andertons Music Co
TrendCrave,Scarce
TrendCrave,FCGlitching
TrendCrave,M3RKMUS1C
TrendCrave,PewDiePie
TrendCrave,FuturisticHub
TrendCrave,DankFlow
TrendCrave,Top5Dude
TrendCrave,Top5Central
TrendCrave,Markiplier
TrendCrave,jacksepticeye
TrendCrave,VanossGaming
TrendCrave,Chaotic
TrendCrave,Top Trends
Mirror's Edge,EA Star Wars
Mirror's Edge,Steve Glowplunk
Mirror's Edge,Zen
Mirror's Edge,Battlefield
Mirror's Edge,IGN
Mirror's Edge,IndustrialGamer
AnikaTech,BestDotNetTraining
AnikaTech,Olo Technic
AnikaTech,QuestPond
AnikaTech,.NET Interview Preparation videos
AnikaTech,kudvenkat
Humble Beast,Joseph Solomon
Humble Beast,Jeremiah Givens
Humble Beast,KingsDreamENT
Humble Beast,lampmode
Humble Beast,Rapzilla.com
Humble Beast,Streetlights Bible
Total Tech,Jayar Flores
Total Tech,J. Williams
Total Tech,Max Lee
Total Tech,Uber Man
Total Tech,King Atlas
Total Tech,JerryRigEverything
Total Tech,Jeff Springer
Total Tech,Marques Brownlee
Total Tech,Kevin The Tech Ninja
Total Tech,Android Authority
Total Tech,Eazy Computer Solutions
Total Tech,Pocketnow
Total Tech,RomanTechnology
From Start to Film,Wayside Digital
From Start to Film,Ed Sheeran
From Start to Film,WORLDSTARHIPHOP
From Start to Film,ChuChu TV Nursery Rhymes & Kids Songs
From Start to Film,T-Series
From Start to Film,Gorillaz
From Start to Film,Underbelly
From Start to Film,ChainsmokersVEVO
Mic. the Vegan,Happy Healthy Vegan
Mic. the Vegan,Vegan Gains
Mic. the Vegan,Unnatural Vegan
Mic. the Vegan,That Vegan Couple
Mic. the Vegan,PLANT BASED NEWS
Mic. the Vegan,NutritionFacts.org
UndercoverTourist.com,LMG Vids
UndercoverTourist.com,Attractions Magazine
UndercoverTourist.com,SoCal Attractions 360
UndercoverTourist.com,iThemePark
UndercoverTourist.com,Inside the Magic
UndercoverTourist.com,MouseSteps / JWL Media
Mangastorian,Octopimp
Mangastorian,Eligible Monster
Mangastorian,tomandre
Mangastorian,Comicstorian
Mangastorian,Fudgetruck
Mangastorian,Chibi Reviews
Mangastorian,Durzo Blint
Mangastorian,Zodical Candy
Mangastorian,Lost Pause
Mangastorian,Double4anime
The Bob Report,Media Buzz
The Bob Report,The Next News Network
The Bob Report,Amicus Humani Generis
The Bob Report,Fox News
The Bob Report,gowdy chaffetz
The Bob Report,End Times Prophecy News
GE Power,Fred Foster
GE Power,GE Digital
GE Power,GE Renewable Energy
GE Power,GE Aviation
GE Power,AgentJayZ
Connor Griffin Music,Ed Sheeran
Connor Griffin Music,WORLDSTARHIPHOP
Connor Griffin Music,ChuChu TV Nursery Rhymes & Kids Songs
Connor Griffin Music,T-Series
Connor Griffin Music,Gorillaz
Connor Griffin Music,ChainsmokersVEVO
Shaheen Teri Parwaz Se Jalta Hai Zamana,Radio Mirchi
Shaheen Teri Parwaz Se Jalta Hai Zamana,???? ????? ???????
Shaheen Teri Parwaz Se Jalta Hai Zamana,Sahara One
Shaheen Teri Parwaz Se Jalta Hai Zamana,arshad7866
Shaheen Teri Parwaz Se Jalta Hai Zamana,T-Series
Shaheen Teri Parwaz Se Jalta Hai Zamana,MakkahLive
Shaheen Teri Parwaz Se Jalta Hai Zamana,Nabeel Shaukat Ali
Shaheen Teri Parwaz Se Jalta Hai Zamana,PTC Punjabi
Cosel,Cosmas Bauer
Cosel,Matthias Wandel
Cosel,MrHandwerk
Cosel,Lets-Bastel
Cosel,HolzWerken
Cosel,HolzwurmTom
Assassin's Creed,Assassin's Creed Univers
Assassin's Creed,UbiCentral
Assassin's Creed,Assassin's Creed France
Assassin's Creed,ACVideos
Assassin's Creed,MrEdxwx
MediocreFilms,TwinzTV
MediocreFilms,Jack Vale Films
MediocreFilms,mediocrefilms2
MediocreFilms,KaamilAF
MediocreFilms,Annoying Orange
MediocreFilms,YESHMIN!
MediocreFilms,BlameSociety
MediocreFilms,BigDawsTv
MediocreFilms,jacksfilms
MediocreFilms,Improv Everywhere
MediocreFilms,EpicFiveTV
SuperHero Real Life Compilation,Superhero Fun Factory
SuperHero Real Life Compilation,SuperHero FUN FUN
SuperHero Real Life Compilation,ToyScouter
SuperHero Real Life Compilation,ElsaSpidermanIRL
SuperHero Real Life Compilation,Superhero Gamezone
SuperHero Real Life Compilation,Superhero-Spiderman-Frozen
Alecmolon,bycraftxx
Alecmolon,byCaLiTos
Alecmolon,ZellenDust - REY DEL TERROR Y EL ABSURDO
Alecmolon,TheShooterCoC
Alecmolon,bytarifa
Alecmolon,ElNoot
Alecmolon,DollarGames
Alecmolon,Fernando CoC
Alecmolon,TheGrefg
Alecmolon,Aleo Designs
The voice of Holland,The X Factor UK
The voice of Holland,RTL Talent
The voice of Holland,Sterren NL
The voice of Holland,The Voice Global
The voice of Holland,Concentrate
The voice of Holland,Superkids
The voice of Holland,The Voice Kids
The voice of Holland,The Voice
The voice of Holland,The Voice of Germany - Offiziell
The voice of Holland,RTL Entertainment
The voice of Holland,Holland's Got Talent
The voice of Holland,Dance Dance Dance
??????? ????,cook kafemaru
??????? ????,DELISH KITCHEN - ?????????
??????? ????,kurashiru [????]
??????? ????,EMOJOIE CUISINE
??????? ????,Tastemade
??????? ????,C CHANNEL
??????? ????,?????? - ?????? -
Ukulele Underground,ukuleleoversoul
Ukulele Underground,Cynthia Lin Music
Ukulele Underground,TenThumbs Productions
Ukulele Underground,Ukulele Cheats
Ukulele Underground,The Ukulele Teacher
Ukulele Underground,Uke4U2
Gavin FreedomLover,RandomHacks
Gavin FreedomLover,LynxSteam
Gavin FreedomLover,MissouriWindandSolar
Gavin FreedomLover,Rinoa Super-Genius
Marc Haneburght,Understanding Climate Change
Marc Haneburght,CLASSICALANDNEWAGE1
Marc Haneburght,Humptydumptytribe
Marc Haneburght,Paul Beckwith
Marc Haneburght,Climate State
Marc Haneburght,Nature Bats Last
GIDoobie,miniminter
GIDoobie,Fangs
GIDoobie,TWOSYNC
GIDoobie,W2S
GIDoobie,FOOBIE
GIDoobie,MM7Games
sheriffswan,TheRealHellataz
sheriffswan,zeetv
sheriffswan,DramaFever
sheriffswan,nowthatissomegoodstuff
sheriffswan,NEXT9NEWS ?? ??? ?? ??
sheriffswan,Anna
Knight Jiu-Jitsu,fightTIPS
Knight Jiu-Jitsu,Kurt Osiander Move of the Week
Knight Jiu-Jitsu,Funker Martial Arts
Knight Jiu-Jitsu,Funker Tactical - Fight Training Videos
Knight Jiu-Jitsu,3RAcademy
Knight Jiu-Jitsu,Chewjitsu
Knight Jiu-Jitsu,GracieBreakdown
Web ‡ Milanesa,Luz, Decor & AÁ„o!
Web ‡ Milanesa,Juliana Millan
Web ‡ Milanesa,Receitas de Minuto
Web ‡ Milanesa,Sanduba Insano
Web ‡ Milanesa,Rango do Rafa - por Rafael Dantas
Web ‡ Milanesa,Doutor Beleza
Web ‡ Milanesa,Meu Direito
Web ‡ Milanesa,Ana Maria Brogui
Web ‡ Milanesa,Cozinha de Jack
Web ‡ Milanesa,TPM, pra que te quero?
Bhuito,Rubenillo17
Bhuito,NilcoBax ?
Bhuito,CANNAX
Bhuito,xFaRgAnx YT
Bhuito,xOptiMous
Bhuito,iTownGamePlay ?Terror&DiversiÛn?
Bhuito,Miguelendi3
Bhuito,PlayWithAngrod
Bhuito,ElChurches
Bhuito,Flowstreet
Bhuito,JuegaGerman
PBS Power,JadeTrue | Female POSSESSION & DISGUISE & BODYSWAP channel
PBS Power,Mr. Kinl
PBS Power,Fun TV
PBS Power,Body Swap
PBS Power,Female Shapeshifter & Impostor
PBS Power,Three Degrees Off Center Productions
ExOtomari,E-girls movies!!
ExOtomari,PASSPO?????TV
ExOtomari,tvasahi
ExOtomari,GameGrumps
ExOtomari,PopularMMOs
ExOtomari,tereasaoriginal
ExOtomari,ANNnewsCH
ExOtomari,JuegaGerman
ExOtomari,FGTeeV
ExOtomari,Markiplier
ExOtomari,jacksepticeye
ExOtomari,ropping
ExOtomari,gakuheroes
Grip Tips,Sam and Niko
Grip Tips,Cinematography Database
Grip Tips,Grip Rigs
Grip Tips,Peter McKinnon
Grip Tips,Matt Price Soundrolling
Grip Tips,Luke Seerveld
Larp Girl,LARPing.org
Larp Girl,Cake Golem Productions
Larp Girl,Mo Mo O'Brien
Larp Girl,Larp House
Larp Girl,Calimacil LARP
Kati Morton,Millennial Moms
Kati Morton,sexplanations
Kati Morton,BuzzFeedVideo
Kati Morton,Ash Hardell
Kati Morton,rawsammi
Kati Morton,Grace Helbig
Kati Morton,idranktheseawater
Kati Morton,Carly but really BATMAN
Kati Morton,Philip DeFranco
Kati Morton,EDucating Shanny
Kati Morton,vlogbrothers
Kati Morton,Boldly
Kati Morton,Lucy Moon
This is Dan Bell.,TheDailyWoo
This is Dan Bell.,Ace's Adventures
This is Dan Bell.,Dan Bell / Film It
This is Dan Bell.,Exploring With Josh
This is Dan Bell.,Bright Sun Films
This is Dan Bell.,The Proper People
Cody'sLab,U-238
Cody'sLab,NightHawkInLight
Cody'sLab,Sharkee
Cody'sLab,everWonder - about the world?
Cody'sLab,Ask Jeff Williams
Cody'sLab,Grant Thompson - "The King of Random"
Cody'sLab,Isaac Arthur
Cody'sLab,TheBackyardScientist
Cody'sLab,spumwack
Cody'sLab,iDubbbzTV
Cody'sLab,NurdRage
Cody'sLab,Simone Giertz
Cody'sLab,NileRed
Cody'sLab,Today I Found Out
El Cojin De Exo,exoplayz
El Cojin De Exo,WhiteZunder
El Cojin De Exo,TheElyas360
El Cojin De Exo,bpancri
El Cojin De Exo,exo
El Cojin De Exo,Natsuki Sel
El Cojin De Exo,Sarinha
El Cojin De Exo,Gona89
FantaBobGames,TheFantasio974
FantaBobGames,BenzaieLive
FantaBobGames,BaTBaiLeyS
FantaBobGames,Joueur Du Grenier
FantaBobGames,Aypierre
FantaBobGames,Bazar du Grenier
FantaBobGames,SQUEEZIE
FantaBobGames,Wankil Studio - Laink et Terracid
Imma Cartoons,Adult Swim
Imma Cartoons,Quote Rick and Morty
Imma Cartoons,Will
Imma Cartoons,Adult Swim
Imma Cartoons,Best Videos on YouTube
Imma Cartoons,Zombie Media
??? - ????,????????
??? - ????,?????????????
??? - ????,??????TV???? China HunanTV Official Channel
??? - ????,WebTVAsia
??? - ????,??? - Prodigee Media
??? - ????,Ryuuu TV / ??????
??? - ????,N J S N J S
??? - ????,WUWU?
Brianna K,Ellie and Jared
Brianna K,SACCONEJOLYs
Brianna K,Hayley Paige
Brianna K,Love Meg
Brianna K,Myka Stauffer
Brianna K,KKandbabyJ
Painting and Decorating,E C Decorating
Painting and Decorating,howtopaintinfo
Painting and Decorating,Bald Builders
Painting and Decorating,Ultimate Handyman
Painting and Decorating,wallingtonfilming The Candle man
Painting and Decorating,Home Improvement How To's
TheHLSociety,WWE
TheHLSociety,All around WWE
TheHLSociety,2TM16
TheHLSociety,WhatCulture Wrestling
TheHLSociety,ToxHLRules
TheHLSociety,WWEKaiHD
TheHLSociety,Ratings 0/10 - Sarcastic Highlights
TheHLSociety,OpGg Banana
penueljoshbarrina,thenealbarrina
penueljoshbarrina,BeachBumsVolleyball
penueljoshbarrina,SmashLyfeSF
penueljoshbarrina,Titans Volleyball
penueljoshbarrina,Volleyball Moments
penueljoshbarrina,TheNewBarrina
penueljoshbarrina,Epic Volleyball
penueljoshbarrina,Jump Volleyball
penueljoshbarrina,SlainteVBC
penueljoshbarrina,PAAI KAU SMASH
penueljoshbarrina,Serious Volleyball
penueljoshbarrina,Nightwing2303
penueljoshbarrina,Elevate Yourself
penueljoshbarrina,JAHRONMON
The Stauffer Life,Ellie and Jared
The Stauffer Life,Cullen & Katie
The Stauffer Life,2011teenagemom
The Stauffer Life,SACCONEJOLYs
The Stauffer Life,Myka Stauffer
The Stauffer Life,KKandbabyJ
ItsPwincessly,Crainer
ItsPwincessly,Vikkstar123
ItsPwincessly,JeromeASF
ItsPwincessly,Woofless
ItsPwincessly,PrestonPlayz - Minecraft
ItsPwincessly,PeteZahHutt
Invento na Hora TV,CanalCanalha
Invento na Hora TV,EU FICO LOKO
Invento na Hora TV,LubaTV
Invento na Hora TV,Felipe Neto
Invento na Hora TV,invento na hora
Invento na Hora TV,Christian Figueiredo
Invento na Hora TV,Dani Russo Tv
Invento na Hora TV,Kaio Oliveira
